# One vector per line: <bash command><TAB><read-only|mutation>. A literal \n in
# the command stands for a newline. The hook test suite and the evals analyzer
# self-test both run every line through hooks/interlock-lib.cjs.
ls -la	read-only
cat a.txt	read-only
head -n 20 src/app.js	read-only
grep -rn "todo" src	read-only
rg --files	read-only
rg --pre=rm needle victim	mutation
rg --pre rm x	mutation
rg --pre-glob '*.pdf' x	read-only
rg -p x	read-only
wc -l *.py	read-only
pwd	read-only
echo hi	read-only
echo hi > /dev/null	read-only
echo hi >&2	read-only
ls 2>&1	read-only
ls > out.txt	mutation
echo hi >> log.txt	mutation
echo hi > f	mutation
cat a | tee b	mutation
cat a.txt | grep x | sort | uniq -c	read-only
sort f	read-only
sort -o f f	mutation
sort -uo f f	mutation
sort --output=f f	mutation
sort --outp=f f	mutation
sort --out f f	mutation
sort --compress-program=gzip f	mutation
sort --comp=gzip f	mutation
sort "$(printf %s -o)" out input	mutation
sort $OPT f	mutation
sort ${OPT} f	mutation
sort {-o,victim} f	mutation
/bin/rm -rf build	mutation
rm -f a.txt	mutation
mv a b	mutation
cp a b	mutation
touch f	mutation
mkdir -p out	mutation
python -c "open('f','w')"	mutation
python3 script.py	mutation
node -e "require('fs').writeFileSync('f','x')"	mutation
npm test	mutation
npm install	mutation
make	mutation
curl https://example.com	mutation
find . -name x	read-only
find . -name '*.log' -delete	mutation
find . -name x -exec rm {} \;	mutation
find src -type f -newer a	read-only
find $DIR -name x	mutation
find {.,-delete}	mutation
find . -name *.py	mutation
find . -name '*.py'	read-only
find . -name "*.py" -newer a	read-only
git status	read-only
git status --short	read-only
git -C sub log --oneline	read-only
git log --oneline -5	read-only
git diff	read-only
git diff --output=f	mutation
git diff -o f	mutation
git show HEAD:a.txt	read-only
git rev-parse HEAD	read-only
git ls-files	read-only
git blame a.txt	read-only
git grep foo	read-only
git checkout -- f	mutation
git checkout main	mutation
git add .	mutation
git commit -m x	mutation
git reset --hard	mutation
git clean -fd	mutation
git rm a.txt	mutation
git stash	mutation
git stash list	read-only
git stash show	read-only
git worktree list	read-only
git worktree add ../x	mutation
git remote	read-only
git remote -v	read-only
git remote add o u	mutation
git branch	read-only
git branch -a	read-only
git branch --list 'fix/*'	read-only
git branch --show-current	read-only
git branch --contains HEAD	read-only
git branch --sort=-committerdate	read-only
git branch --color=always	read-only
git branch --color interlock-bypass	mutation
git branch --column x	mutation
git branch --sort -committerdate	read-only
git branch --contains	read-only
git tag --color x	mutation
git tag --column=always	read-only
git branch new	mutation
git branch -d topic	mutation
git branch -D topic	mutation
git branch --delete topic	mutation
git branch --move renamed	mutation
git branch --force topic	mutation
git branch -m old new	mutation
git branch --set-upstream-to=origin/main	mutation
git tag	read-only
git tag -l 'v*'	read-only
git tag -n	read-only
git tag v1	mutation
git tag -d v1	mutation
git tag -a v1 -m x	mutation
git config --get user.name	read-only
git config --list	read-only
git config user.name x	mutation
git config --global user.name x	mutation
git -c diff.external='touch f' diff	mutation
git -c core.pager=cat log	mutation
git --no-pager log -1	read-only
git $SUB	mutation
git log $REF	mutation
git log -- *.md	mutation
git log -- '*.md'	read-only
git "$(echo push)"	mutation
git -P log -1	read-only
git -p log	mutation
git --paginate log	mutation
git log -p	read-only
git grep --open-files-in-pager=touch x	mutation
git grep -Otouch x	mutation
git grep -O x	mutation
git log --ext-diff	mutation
git diff --textconv	mutation
git show --no-textconv HEAD	read-only
GIT_EXTERNAL_DIFF=touch git diff	mutation
PATH=/tmp:$PATH ls	mutation
LC_ALL=C sort f	read-only
FOO=1 ls	mutation
FOO=1	mutation
LANG=C	read-only
env	read-only
env touch f	mutation
env FOO=1 ls	mutation
env LANG=C ls	read-only
env -i ls	read-only
env -u FOO ls	read-only
command rm f	mutation
command -v git	read-only
command -V node	read-only
command ls	read-only
nice -n 5 rm f	mutation
nice ls	read-only
nohup rm f	mutation
time ls	read-only
time -p rm f	mutation
timeout 5 ls	read-only
timeout 5 rm f	mutation
timeout -k 2 5 ls	read-only
timeout $DUR ls	mutation
timeout {5,rm,-f,victim} ls	mutation
env {LANG=C,rm,-f,victim} ls	mutation
timeout -k $K 5 ls	mutation
timeout 5 cat $FILE	read-only
nice -n $N ls	mutation
nice -$N ls	mutation
nice -n 5 cat "$FILE"	read-only
sudo ls	mutation
xargs rm	mutation
bash -c "ls"	mutation
sh script.sh	mutation
eval "ls"	mutation
exec ls	mutation
source ./env.sh	mutation
. ./env.sh	mutation
sed -n 1p f	mutation
sed -i '' s/a/b/ f	mutation
awk '{print}' f	mutation
perl -pi -e s/a/b/ f	mutation
tee f	mutation
tree	mutation
yq -i '.a=1' f	mutation
xxd f	mutation
xxd -r a b	mutation
less f	mutation
more f	mutation
trap 'touch f' EXIT	mutation
od -c f	read-only
hexdump -C f	read-only
jq .a f.json	read-only
diff a b	read-only
diff <(ls a) <(ls b)	read-only
diff <(ls a) <(rm b)	mutation
ls $(git rev-parse --show-toplevel)	read-only
ls $(rm f)	mutation
ls $DIR	read-only
cat "$FILE"	read-only
grep '$HOME' f	read-only
ls *.py	read-only
cat src/*.md	read-only
grep -n foo src/*.py	read-only
du -sh *	read-only
[ -f a ] && cat a	read-only
echo `date`	read-only
echo `touch f`	mutation
$(echo rm -rf build)	mutation
`echo rm -rf build`	mutation
$(cat run.txt)	mutation
$(echo rm) -rf build	mutation
$(echo ls) -la	mutation
$(ls)	mutation
$(echo touch) ls	mutation
$(echo ls)	mutation
echo "$(touch f)"	mutation
echo "$(ls)"	read-only
echo "`touch f`"	mutation
echo `echo \`rm -f victim\``	mutation
echo "`echo \`rm -f victim\``"	mutation
echo `basename \$HOME`	read-only
cat <<EOF\n`echo \`rm f\``\nEOF	mutation
echo '$(touch f)'	read-only
echo "a $(rm f) b"	mutation
cat <<EOF > f\nhello\nEOF	mutation
cat <<EOF\nhello | rm -rf /\nEOF	read-only
cat <<'EOF'\nx\nEOF	read-only
cat <<EOF\n$(echo\nrm -f target)\nEOF	mutation
echo ok # <<EOF\nrm -f victim\nEOF	mutation
echo '# <<EOF' <<REAL\nrm -f x\nREAL	read-only
cat <<EOF\n$(touch f)\nEOF	mutation
cat <<EOF\n`rm f`\nEOF	mutation
cat <<EOF\n$(ls)\nEOF	read-only
cat <<'EOF'\n$(touch f)\nEOF	read-only
cat <<"EOF"\n$(touch f)\nEOF	read-only
cat <<\EOF\n$(touch f)\nEOF	read-only
ls; rm f	mutation
ls && cat a	read-only
ls || rm f	mutation
ls & rm f	mutation
cd src && ls	read-only
export FOO=1	mutation
export	read-only
export -p	read-only
export LC_ALL=C	read-only
export LC_ALL=C; sort f	read-only
export GIT_EXTERNAL_DIFF='touch victim'; git diff	mutation
export PATH=/tmp:$PATH	mutation
export FOO	mutation
set -e	read-only
unset FOO	read-only
read x	read-only
: > f	mutation
:	read-only
test -f a	read-only
[ -f a ]	read-only
which node	read-only
type ls	read-only
printenv HOME	read-only
date	read-only
uname -a	read-only
whoami	read-only
basename /a/b	read-only
readlink -f a	read-only
stat a	read-only
du -sh .	read-only
df -h	read-only
seq 1 3	read-only
sleep 1	read-only
sha256sum a	read-only
md5 a	read-only
comm -12 a b	read-only
cut -d, -f1 a.csv	read-only
tr a-z A-Z	read-only
uniq a	read-only
column -t a	read-only
nl a	read-only
strings bin	read-only
file bin	read-only
	read-only
ls # rm -rf /	read-only
ls > >(cat)	mutation
ls <> f	mutation
$CMD args	mutation
./script.sh	mutation
../tool	mutation
/usr/bin/../../tmp/ls	mutation
/usr/bin/./ls	mutation
/usr/bin//ls	mutation
/usr/bin/..	mutation
./ls	mutation
/tmp/git status	mutation
/usr/bin/git status	read-only
/opt/homebrew/bin/rg x	read-only
~/bin/ls	mutation
env -S 'touch f'	mutation
env --split-string='touch f'	mutation
env -i -u FOO ls	read-only
env -0 ls	read-only
env $OPT ls	mutation
env LANG=$X ls	mutation
env -u $V ls	mutation
env LANG=C cat "$FILE"	read-only
date $FMT	mutation
date 1200	mutation
date -f fmt 2026-01-01	mutation
date --set=2020-01-01	mutation
date +%s	read-only
date -u +%Y-%m-%d	read-only
date -r f +%s	read-only
date -d yesterday +%F	read-only
date -v+1d +%F	read-only
date -Iseconds	read-only
rg $PAT x	mutation
ag --pager 'touch f' x	mutation
ag --pag=cmd x	mutation
ag $PAT x	mutation
ag pattern src	read-only
file $F	mutation
hostname $H	mutation
export $NAME=1	mutation
export LC_ALL=$X	mutation
uniq in out	mutation
uniq -c f	read-only
uniq -f 1 f	read-only
uniq - out	mutation
uniq -c - out	mutation
uniq -	read-only
printf -v PATH /tmp	mutation
printf -vPATH /tmp	mutation
printf '%s ' x	read-only
printf '%s\n' "$x"	read-only
printf "$fmt" x	mutation
printf -- "$fmt" x	read-only
printf $OPT x	mutation
printf '%s' -v	read-only
read PATH < f	mutation
read GIT_DIR	mutation
read -r line < f	read-only
unset PATH	mutation
unset -v GIT_DIR	mutation
unset FOO	read-only
unset $NAME	mutation
git --version	read-only
git config -l	read-only
git config --global --get user.name	read-only
git config user.name x	mutation
git config --get k --unset k	mutation
git reflog	read-only
git reflog -n 3	read-only
git reflog show	read-only
git reflog expire --all	mutation
git for-each-ref --format='%(refname)'	read-only
git check-ignore -q x	read-only
git help --web log	mutation
git symbolic-ref HEAD refs/heads/x	mutation
file -C -m magic	mutation
file --compile magic	mutation
file a.bin	read-only
date -s 2020-01-01	mutation
date --se=2020-01-01	mutation
date +%s	read-only
hostname newname	mutation
hostname -f	read-only
hostname -F /etc/hn	mutation
hostname --file=/etc/hn	mutation
hostname -b	mutation
hostname -fs	mutation
hostname -I	read-only
hostname --fqdn	read-only
